"compound","full","fertilised"
"Aliphatic deriv.",0.0393448453652674,0.0254807461504638
"Aromatic deriv.",-0.106001707944415,-0.115717495182824
"Carbohydrate",0.265870114334876,0.251390618216728
"G-lignin",-0.348807912666843,-0.298448586688786
"N-compound",-0.0610131141292685,-0.0640300438434334
"Phenol",-0.185182316415525,-0.181867696198455
"S-lignin",0.00209698309936909,-0.00278938383099019
"Others",-0.100165837705505,-0.115884880378315
