"compound","full","fertilised"
"alkylC",0.0199230002439722,0.00990237390643722
"aromatic",-0.127984232577279,-0.117089640412779
"carbonylC",0.00317129884460812,0.00167203169245728
"di_O_alkylC",0.0581298842726763,0.060350000953466
"meth_N_alkylC",-0.10295840734618,-0.103784852345819
"O_alkylC",0.0931487408605772,0.0917111819513288
"O_aromaticC",-0.0696082861838976,-0.0607445002220973
