"compound","full","fertilised"
"Aliphatic deriv.",0.010570967666904,0.0191689526190155
"Aromatic deriv.",-0.0187310279129643,-0.0205627278790727
"Carbohydrate",0.275518007589666,0.259321683745547
"G-lignin",-0.379712412086847,-0.35092914351238
"N-compound",-0.034233745205599,-0.033819867192632
"Phenol",-0.0213019795227994,-0.0202694090066934
"S-lignin",-0.0313926619265875,-0.0389285937104736
"Others",0.0063525568383758,0.0157028625718881
