"compound","full","fertilised"
"alkylC",-0.0650505274053798,-0.102789882711797
"aromatic",-0.15854347026659,-0.140591517317186
"carbonylC",-0.070683012303845,-0.0671541860283891
"di_O_alkylC",0.123698830876932,0.128121609198783
"meth_N_alkylC",-0.147926619132801,-0.135915858053644
"O_alkylC",0.190280101421011,0.202547912411103
"O_aromaticC",-0.04441951487332,-0.0340855779463946
